ID,ELEMENT,SIZE (mm),LOCATION / GRID
"A/4","COLUMN","600 x 600","X 0, Y 24,000"
"B/4","COLUMN","600 x 600","X 7,500, Y 24,000"
"C/4","COLUMN","600 x 600","X 15,000, Y 24,000"
"D/4","COLUMN","600 x 600","X 22,500, Y 24,000"
"A/3","COLUMN","600 x 600","X 0, Y 16,000"
"B/3","COLUMN","600 x 600","X 7,500, Y 16,000"
"C/3","COLUMN","600 x 600","X 15,000, Y 16,000"
"D/3","COLUMN","600 x 600","X 22,500, Y 16,000"
"E/3","COLUMN","600 x 600","X 30,000, Y 16,000"
"A/2","COLUMN","600 x 600","X 0, Y 8,000"
"B/2","COLUMN","600 x 600","X 7,500, Y 8,000"
"C/2","COLUMN","600 x 600","X 15,000, Y 8,000"
"D/2","COLUMN","600 x 600","X 22,500, Y 8,000"
"E/2","COLUMN","600 x 600","X 30,000, Y 8,000"
"A/1","COLUMN","600 x 600","X 0, Y 0"
"B/1","COLUMN","600 x 600","X 7,500, Y 0"
"C/1","COLUMN","600 x 600","X 15,000, Y 0"
"D/1","COLUMN","600 x 600","X 22,500, Y 0"
"E/1","COLUMN","600 x 600","X 30,000, Y 0"
"O1","OPENING","3,000 x 5,000","B-C / 2-3"
"O2","OPENING","1,800 x 1,500","C-D / 1-2"
"V1","VOID / ACUAR","4,000 x 3,000","A-B / 1-2"
"V2","VOID / ACUAR","5,000 x 3,500","C-D / 3-4"
"R1","U-BAR REGION","Ø2,000","A-B / 3-4"
