MARK,Ø,SHAPE,SPAC.,LENGTH (mm),QTY,TOTAL (m),WT. (kg),ZONES / REMARKS
"B1-01","12","STR","200","12000","281","3372","2993.5","PT1-B1-1, PT1-B1-3, PT1-B1-4, PT1-B1-5"
"B1-02","12","STR","200","10950","13","142.4","126.4","PT1-B1-4"
"B1-03","12","STR","200","10450","30","313.5","278.3","PT1-B1-2"
"B1-04","12","STR","200","3050","134","408.7","362.8","PT1-B1-1, PT1-B1-3, PT1-B1-5"
"B1-05","12","STR","200","1000","13","13","11.5","PT1-B1-4"
"B2-01","12","STR","200","12000","223","2676","2375.6","PT1-B2-1, PT1-B2-2, PT1-B2-4, PT1-B2-5"
"B2-02","12","STR","200","11450","12","137.4","122","PT1-B2-3"
"B2-03","12","STR","200","10950","25","273.8","243","PT1-B2-2, PT1-B2-3, PT1-B2-4"
"B2-04","12","STR","200","9550","105","1002.8","890.2","PT1-B2-1, PT1-B2-5"
"B2-05","12","STR","200","7000","13","91","80.8","PT1-B2-2, PT1-B2-4"
"B2-06","12","STR","200","4450","12","53.4","47.4","PT1-B2-3"
